model,val_f1,test_f1
logistic_regression,0.14413043386573887,0.24524262351878395
random_forest,0.9037050220323509,0.6089993729289006
xgboost,0.9035075164741168,0.6117457942608233
mlp,0.8841459027315752,0.5822081573116358
