model,accuracy,precision,recall,f1,auc
Logistic Regression,0.9999942614484104,0.9999942854398138,0.9999942614484104,0.9999942661011997,
Random Forest,1.0,1.0,1.0,1.0,
