Model,Accuracy,Macro_AUC
CNN,0.9992464780807495,0.9999976421466156
