Model,Accuracy,Macro_AUC
CNN,0.9990200996398926,0.9999909632279819
