model,accuracy,precision,recall,f1,auc
Logistic Regression,0.9995550145799522,0.9995567996388914,0.9995550145799522,0.9995551096268104,
Random Forest,0.9999989279446886,0.9999989279853639,0.9999989279446886,0.9999989279315653,
